,Model Name,R2_Score
0,Linear Regression,0.8506513959729269
1,Ridge,0.8503960426748904
2,CatBoosting Regressor,0.8358707032528505
3,Random Forest Regressor,0.8157304000896062
4,AdaBoost Regressor,0.8103755730146723
5,K-Neighbors Regressor,0.7789194544378351
6,XGBRegressor,0.7785279560777983
7,Lasso,0.7695224302589501
8,Decision Tree,0.7104922905131122
